Название мебели,Цена со скидкой,Стандартная цена,Ссылка
Нет данных,33990,—,https://www.divan.ruhttps://www.divan.ru/product/divan-pryamoj-fils-mini-140-velvet-terra
Нет данных,17990,—,https://www.divan.ruhttps://www.divan.ru/product/kreslo-orhet-velvet-marsala
Нет данных,6990,—,https://www.divan.ruhttps://www.divan.ru/product/puf-dzen-les
Нет данных,49990,—,https://www.divan.ruhttps://www.divan.ru/product/divan-pryamoj-masse-m-mini-velvet-navy-blue
Нет данных,22990,—,https://www.divan.ruhttps://www.divan.ru/product/kreslo-rofl-velvet-silver
Нет данных,68990,—,https://www.divan.ruhttps://www.divan.ru/product/divan-spejs-velvet-olive
Нет данных,26990,—,https://www.divan.ruhttps://www.divan.ru/product/kreslo-nelvi-cozy-terra
Нет данных,56990,—,https://www.divan.ruhttps://www.divan.ru/product/divan-pryamoj-melou-velvet-beige
Нет данных,46990,—,https://www.divan.ruhttps://www.divan.ru/product/kreslo-dango-bucle-white
Нет данных,9990,—,https://www.divan.ruhttps://www.divan.ru/product/puf-krops-bucle-lilac
Нет данных,63990,—,https://www.divan.ruhttps://www.divan.ru/product/divan-klajmar-velvet-terra
Нет данных,19990,—,https://www.divan.ruhttps://www.divan.ru/product/kreslo-tut-ryadom-mechta-sine-bejevoe
Нет данных,57990,—,https://www.divan.ruhttps://www.divan.ru/product/divan-pryamoj-aront-mini-velvet-pink
Нет данных,54990,—,https://www.divan.ruhttps://www.divan.ru/product/divan-londi-cozy-ecru
Нет данных,9990,—,https://www.divan.ruhttps://www.divan.ru/product/puf-dzen-1-dialog
Нет данных,59990,—,https://www.divan.ruhttps://www.divan.ru/product/divan-uglovoj-nordika-mini-velvet-olive
Нет данных,27990,—,https://www.divan.ruhttps://www.divan.ru/product/kreslo-pajl-textile-ginger
Нет данных,64990,—,https://www.divan.ruhttps://www.divan.ru/product/divan-leri-mini-velvet-yellow
Нет данных,19990,—,https://www.divan.ruhttps://www.divan.ru/product/kreslo-kensol-velvet-blue
Нет данных,12990,—,https://www.divan.ruhttps://www.divan.ru/product/kreslo-grejn-textile-olive
Нет данных,109990,—,https://www.divan.ruhttps://www.divan.ru/product/divan-uglovoj-onte-bucle-silver
Нет данных,23990,—,https://www.divan.ruhttps://www.divan.ru/product/kreslo-vitio-velvet-yellow-new
Нет данных,66990,—,https://www.divan.ruhttps://www.divan.ru/product/divan-ebi-velvet-coral
Нет данных,11990,—,https://www.divan.ruhttps://www.divan.ru/product/puf-kork-velvet-moss
Нет данных,17990,—,https://www.divan.ruhttps://www.divan.ru/product/kreslo-brint-soft-terra
Нет данных,78980,—,https://www.divan.ruhttps://www.divan.ru/product/modulnyj-divan-ribbl-1-bucle-mint
Нет данных,42990,—,https://www.divan.ruhttps://www.divan.ru/product/kreslo-pajpel-2-bucle-forest
Нет данных,64990,—,https://www.divan.ruhttps://www.divan.ru/product/divan-viena-time-grey
Нет данных,26990,—,https://www.divan.ruhttps://www.divan.ru/product/divan-vidi-textile-navy-blue
Нет данных,58990,—,https://www.divan.ruhttps://www.divan.ru/product/divan-uglovoj-allaum-linia-stone
Нет данных,32990,—,https://www.divan.ruhttps://www.divan.ru/product/kreslo-ansil-bucle-milk
Нет данных,59990,—,https://www.divan.ruhttps://www.divan.ru/product/divan-uglovoj-aront-mini-velvet-olive
Нет данных,163970,—,https://www.divan.ruhttps://www.divan.ru/product/modulnyj-divan-brera-8-bucle-beige
Нет данных,66990,—,https://www.divan.ruhttps://www.divan.ru/product/divan-uglovoj-klajmar-velvet-stone
Нет данных,69990,—,https://www.divan.ruhttps://www.divan.ru/product/divan-svaut-velvet-mustard
Нет данных,44990,—,https://www.divan.ruhttps://www.divan.ru/product/divan-ines-vertical-blue
Нет данных,44990,—,https://www.divan.ruhttps://www.divan.ru/product/divan-lavi-velvet-moss
Нет данных,12990,—,https://www.divan.ruhttps://www.divan.ru/product/kreslo-lansi-wool-yellow
Нет данных,79990,—,https://www.divan.ruhttps://www.divan.ru/product/divan-uglovoj-edvin-velvet-terra
Нет данных,69990,—,https://www.divan.ruhttps://www.divan.ru/product/divan-uglovoj-darol-velvet-silver
Нет данных,69990,—,https://www.divan.ruhttps://www.divan.ru/product/divan-term-velvet-beige
Нет данных,47990,—,https://www.divan.ruhttps://www.divan.ru/product/divan-lille-velvet-atlantic
Нет данных,83990,—,https://www.divan.ruhttps://www.divan.ru/product/divan-bonent-velvet-eclipse
Нет данных,27990,—,https://www.divan.ruhttps://www.divan.ru/product/divan-numo-mini-textile-light
Нет данных,4590,—,https://www.divan.ruhttps://www.divan.ru/product/puf-kofi-velvet-light
Нет данных,59990,—,https://www.divan.ruhttps://www.divan.ru/product/divan-uglovoj-nordika-mini-velvet-coral
Нет данных,39990,—,https://www.divan.ruhttps://www.divan.ru/product/divan-uglovoj-staus-velvet-olive
Нет данных,21990,—,https://www.divan.ruhttps://www.divan.ru/product/kreslo-vinsi-textile-ginger
Нет данных,—,—,Не указана
Нет данных,—,—,Не указана
Нет данных,—,—,Не указана
Нет данных,—,—,Не указана
Нет данных,—,—,Не указана
Нет данных,—,—,Не указана
Нет данных,—,—,Не указана
Нет данных,—,—,Не указана
Нет данных,—,—,Не указана
Нет данных,—,—,Не указана
